filename,text,embedding
completed_notes_0.txt,"Binary numbers form the basis for data representation in computers. These numbers use a base-2 numeral system consisting of only two digits: 0 and 1. Computers utilize this binary system to perform operations and represent all types of data. 

2’s complement is a method used for representing signed integers in binary. It allows for the straightforward implementation of arithmetic operations, such as addition and subtraction, with uniform handling of positive and negative numbers. 


    To find the 2’s complement of a binary number, invert all the digits (changing 0s to 1s and vice versa). 
    Then add one to the least significant bit (LSB). This representation effectively simplifies binary subtraction by treating it as an addition operation, which is computationally efficient. 


The Arithmetic Logic Unit (ALU) is a critical component in a computer's central processing unit (CPU) that performs arithmetic and logical operations. It contains adders, which are specialized circuits designed to perform addition. By utilizing 2’s complement representation, these adders can seamlessly perform both addition and subtraction. 

This dual functionality is achieved because, in 2’s complement arithmetic, subtraction is executed by adding the complement of a number instead of directly subtracting it. Thus, the ALU efficiently handles signed integer operations by leveraging these principles. 

Integer multiplication in binary operates similarly to multiplication using paper and pencil in the decimal system. 

Given an example where the multiplicand is 1000 (which is binary for decimal 8) and the multiplier is 1001 (which is binary for decimal 9), the multiplication process involves multiple steps akin to manual calculations. 


    To multiply these binary numbers, perform the operation bit by bit. Start by aligning the multiplicand 1000 below the multiplier 1001. 
    Each step involves a right-left shift of the multiplicand and addition based on the corresponding bit of the multiplier. If the bit in the multiplier is a 1, add the shifted multiplicand to the product. If it is 0, skip the addition for that bit position and only perform the shift. 
    The first bit from the right of the multiplier (1001) is 1, so write down the multiplicand (1000) as the first sum beneath the line. 
    Shift the multiplicand to the left, maintaining the position relative to the multiplier. The next bit of the multiplier (1001) is 0, so write down 0000 for this step. 
    Shift the multiplicand again to the left. The next multiplier bit is also 0, resulting in another set of zeros 0000 being added. 
    For the final bit of the multiplier, which is again 1, shift the multiplicand and write down the shifted result, which is 1000. 


After executing all these steps, add together all the binary numbers derived from multiplication. The sum of these steps is the final binary product 01001000, equivalent to decimal 72, which is the result of multiplying 8 1000 by 9 1001. 

This binary multiplication example illustrates the importance of sequential shifting and conditional addition in the binary number system, corresponding with how a computer efficiently performs these operations within the ALU. ","[-0.02020791918039322, 3.307400402263738e-05, 0.029401222243905067, 0.03996051102876663, 0.05069325864315033, -0.009724519215524197, 0.04293098673224449, 0.021021006628870964, 0.005561514291912317, 0.06456994265317917, 0.026365697383880615, -0.02224605716764927, -0.0072418940253555775, -0.01806136965751648, 0.008309748023748398, -0.014451264403760433, 0.031677864491939545, -0.001272481051273644, 0.012304714880883694, -0.027384767308831215, -0.030246833339333534, -0.007979093119502068, 0.009843772277235985, 0.018896140158176422, 0.01740005984902382, -0.06643462181091309, -0.01827819272875786, 0.0020340722985565662, -0.00136801868211478, -0.055029720067977905, -0.013985094614326954, -0.02106437087059021, -0.012337238527834415, -0.007832737639546394, -0.003208982991054654, 0.019839320331811905, -0.008721712045371532, -0.015903979539871216, 0.0012087891809642315, 0.035428907722234726, 0.019969414919614792, -0.01827819272875786, -0.03781396150588989, -0.036664798855781555, -0.02208344079554081, 0.03601432964205742, -0.015058369375765324, -0.07415352761745453, -0.009865454398095608, 0.03857284411787987, 0.016749590635299683, 0.03120085410773754, 0.02235446870326996, 0.049435682594776154, 0.03306553512811661, 0.01254322100430727, -0.023785501718521118, 0.03488684818148613, 0.001581454067490995, -0.03792237490415573, 0.013594812713563442, -0.020392220467329025, -0.004355435725301504, -0.022874845191836357, 0.007713484577834606, 0.011513310484588146, 0.00498964311555028, 0.04622670263051987, 0.0009242087835446, 0.011903592385351658, 0.021909981966018677, 0.01285761408507824, 0.019459879025816917, 0.06968697160482407, 0.04856839030981064, 0.03061543218791485, -0.009740781038999557, 0.01856006309390068, 0.026907755061984062, 0.004588520620018244, 0.010982093401253223, -0.01789875328540802, 0.04882857948541641, 0.003195431549102068, 0.04570632427930832, 0.014700611121952534, -0.013670701533555984, 0.021714840084314346, -0.06248844042420387, -0.0754111036658287, -0.034930214285850525, 0.014982481487095356, -0.0010326203191652894, 0.0448823980987072, 0.017671089619398117, -0.007350305560976267, -0.03089730255305767, -0.011914432980120182, -0.050433069467544556, 0.013237054459750652, 0.010846579447388649, -0.027601590380072594, 0.015903979539871216, 0.012770884670317173, 0.02794850803911686, 0.02406737208366394, 0.04264912009239197, -0.05038970708847046, -0.05195083096623421, -0.008141710422933102, -0.014039300382137299, 0.016695383936166763, 0.017909593880176544, 0.007697222754359245, 0.04479566961526871, 0.014603041112422943, -0.013497242704033852, -0.0018728101858869195, 0.012217985466122627, -0.010808635503053665, 0.0008984610321931541, -0.03633956238627434, 0.010635176673531532, -0.04848166182637215, 0.032089829444885254, -0.030918985605239868, 0.026842709630727768, -0.04722408577799797, 0.08022457361221313, 0.014559675939381123, 0.0003069403173867613, 0.007296099793165922, -0.010407512076199055, 0.001321266172453761, -0.0011227375362068415, 0.0008530636550858617, 0.015589586459100246, 0.01499332208186388, -0.018820252269506454, 0.011074244044721127, 0.0037727232556790113, -0.02528158202767372, 0.0290543045848608, -0.018321558833122253, -0.04722408577799797, 0.027991872280836105, -0.02395896054804325, -0.011730133555829525, -0.020251285284757614, -0.04160836711525917, 0.01693389005959034, -0.03803078457713127, -0.025433357805013657, -0.03323899209499359, 0.02202923409640789, -0.012087891809642315, 0.005453102756291628, 0.012554061599075794, 0.008960217237472534, -0.013052755035459995, -0.004962540231645107, 0.021628111600875854, 0.019178010523319244, 0.050346340984106064, 0.014060982502996922, 0.025476723909378052, -0.0418468713760376, -0.004875811282545328, -0.026040462777018547, -0.01806136965751648, -0.009778724983334541, 0.013649018481373787, -0.023135032504796982, -0.10242726653814316, -0.028100283816456795, -0.019806796684861183, -0.05416242778301239, -0.05750150606036186, -0.01463556382805109, -0.025736911222338676, -0.02591037005186081, -0.025216534733772278, 0.015080051496624947, -0.008429001085460186, -0.0020300070755183697, -0.009719098918139935, -0.00890601146966219, 0.0019107542466372252, -0.006358339451253414, 0.03317394480109215, -0.011155552230775356, 0.053988970816135406, 0.043104447424411774, 0.0479179210960865, 0.016890525817871094, -0.002549027558416128, 0.047874558717012405, 0.02541167661547661, 0.0033309459686279297, -0.023308491334319115, 0.023330174386501312, 0.021573906764388084, 0.05047643557190895, 0.01625089719891548, 0.0038513215258717537, -0.012564903125166893, 0.016348468139767647, 0.0071443235501646996, -0.0041223508305847645, -0.0058433846570551395, -0.03384609892964363, 0.008065822534263134, 0.021649794653058052, -0.016532767564058304, -0.03510367125272751, -0.0010414287680760026, -0.01397425401955843, 0.010109380818903446, -0.03592760115861893, 0.015925662592053413, 0.0048270258121192455, -0.01968754455447197, -0.011816862970590591, 0.03020346909761429, -0.049435682594776154, 0.03579750657081604, 0.03256684169173241, 0.015470333397388458, 0.060016654431819916, -0.026907755061984062, 0.026951121166348457, 0.003794405609369278, 0.0074045113287866116, -0.009578163735568523, 0.023135032504796982, 0.003081599483266473, -0.0008076663361862302, 0.01943819783627987, -0.044210243970155716, -0.01616416685283184, 0.004867680370807648, 0.031244220212101936, 0.020945118740200996, 0.025867003947496414, -0.0104617178440094, 0.014505470171570778, -0.042692482471466064, 0.0023715035058557987, -0.010369568131864071, 0.011838545091450214, -0.0438416451215744, -0.02252792753279209, 0.013920048251748085, -0.028685705736279488, -0.044015105813741684, -0.028707388788461685, -0.017660247161984444, 0.01660865545272827, 0.03805246576666832, 0.019123803824186325, -0.09306050837039948, -0.06851612031459808, -0.041456591337919235, -0.03532049432396889, -0.05494299158453941, 0.03579750657081604, 0.008526571094989777, 0.005973478313535452, -0.04453548043966293, -0.035970963537693024, 0.05051979795098305, 0.014613881707191467, 0.037185173481702805, -0.0003467476926743984, -0.041760142892599106, -0.07736250758171082, -0.039722006767988205, 0.031049078330397606, 0.016283420845866203, 0.05173400789499283, -0.0418468713760376, -0.0004746394697576761, 0.050129517912864685, 0.01883109286427498, 0.022701386362314224, -0.02235446870326996, -0.02528158202767372, 0.004436744377017021, 0.0075020818039774895, -0.04700726270675659, 0.03139599412679672, 0.004016649443656206, 0.01094414945691824, -0.03159113600850105, -0.013453877530992031, -0.028837481513619423, -0.00273603736422956, -0.002765850629657507, 0.0341930128633976, 0.03915826603770256, 0.008293486200273037, 0.011242281645536423, -0.010857420042157173, -0.04119640216231346, -0.033802732825279236, -0.0008571291109547019, -0.04683380573987961, 0.015903979539871216, -0.008407318964600563, -0.006477592512965202, 0.008732553571462631, 0.02467447705566883, 0.016586972400546074, 0.04683380573987961, -0.02254961058497429, -0.02428419515490532, -0.032480113208293915, -0.02467447705566883, -0.047484274953603745, -0.03842106834053993, 0.0438850112259388, -0.03323899209499359, 0.04843829572200775, -0.01382247731089592, 0.03510367125272751, 0.03436647355556488, -0.06491685658693314, 0.049305591732263565, -0.007789372466504574, -0.07783951610326767, 0.00787610188126564, -0.030030010268092155, 0.02197502925992012, 0.03885471448302269, -0.01596902683377266, -0.0011227375362068415, 0.008765077218413353, 0.032393380999565125, -0.01300939079374075, 0.025173170492053032, -0.008065822534263134, -0.030008327215909958, 0.010597232729196548, -0.04969587177038193, -0.0038377700839191675, -0.02918439917266369, 0.01357313059270382, 0.041044626384973526, 0.08096177130937576, -0.006000581197440624, -0.07489072531461716, -0.013475560583174229, 0.01952492631971836, 0.03508199006319046, 0.04045920446515083, 0.03991714492440224, 0.016814637929201126, -0.055636826902627945, 0.007529184687882662, 0.025259898975491524, -0.01682547852396965, -0.001897202804684639, 0.06209815666079521, 0.02569354698061943, 0.019340626895427704, 0.006011422723531723, -0.028685705736279488, -0.005312167573720217, 0.00513599906116724, -0.012727520428597927, -0.008634982630610466, 0.02458774857223034, 0.01575220376253128, 0.013063596561551094, -0.0005688220262527466, -0.02662588655948639, -0.004675249569118023, 0.007464137859642506, -0.006190301850438118, 0.0027102897875010967, 0.003260478377342224, 0.025520088151097298, 0.02486961893737316, -0.02346026711165905, 0.009231247007846832, 0.030745526775717735, 0.006287871859967709, -0.009545640088617802, -0.022679703310132027, -0.01977427303791046, 0.002937953919172287, -0.008374795317649841, -0.0006707966676913202, 0.013594812713563442, -0.03081057220697403, -0.02723299153149128, 0.02447933703660965, 0.03837770223617554, 0.01627257838845253, 0.009984707459807396, 0.005228148773312569, -0.041153039783239365, 0.043299589306116104, -0.008998162113130093, 0.026907755061984062, -0.05520318076014519, 0.03907153755426407, -0.021823251619935036, 0.045012492686510086, 0.08603543788194656, 0.0073990910314023495, -0.004450295586138964, 0.03527713194489479, -0.016315944492816925, -0.006260768976062536, -0.025043075904250145, -0.036881621927022934, 0.0037401998415589333, 0.05546336621046066, -0.030138421803712845, -0.01816978119313717, -0.0027780469972640276, -0.013172008097171783, -0.04102294519543648, -0.021107736974954605, -0.02478288859128952, -0.03896312415599823, -0.03061543218791485, -0.005637402646243572, -0.04173846170306206, -0.03649134188890457, -0.019459879025816917, -0.05325177311897278, -0.0007568483706563711, 0.007182267494499683, 0.012825090438127518, -0.0021451942157000303, 0.036773212254047394, 0.01704230159521103, -0.0002849191951099783, -0.031764596700668335, 0.06378937512636185, 0.027601590380072594, -0.05581028386950493, -0.03480011969804764, 0.03417133167386055, -0.05077998712658882, 0.006916659418493509, 0.030268514528870583, 0.022614657878875732, -0.018744362518191338, -0.018841933459043503, -0.008380215615034103, 0.044123515486717224, -0.057371411472558975, -0.012337238527834415, 0.07411015778779984, -0.043603140860795975, -0.000415690679801628, 8.499299292452633e-05, -0.07805634289979935, 0.012489015236496925, -0.008260962553322315, -0.0018226697575300932, -0.042172107845544815, 0.05854225531220436, -0.025541769340634346, -0.007691801991313696, 0.03334740549325943, -0.0002034411154454574, -0.02265802212059498, -0.027970189228653908, 0.017877070233225822, 0.008461524732410908, -0.02376382052898407, -0.0107110645622015, 0.048091381788253784, 0.037879008799791336, 0.03256684169173241, -0.013551448471844196, 0.021487176418304443, -0.04986932873725891, -0.028403835371136665, -0.016131645068526268, -0.036057695746421814, 0.056764308363199234, -0.006770303472876549, -0.00913909636437893, 0.010109380818903446, 0.03659975156188011, -0.040242381393909454, -0.030637115240097046, 0.060016654431819916, -0.006699835881590843, 0.07332959771156311, 0.0479612872004509, 0.03527713194489479, -0.024739524349570274, -0.007648437283933163, 0.030550384894013405, 0.012087891809642315, 0.015426969155669212, 0.028382154181599617, -0.0028295423835515976, 0.05229774862527847, -0.03740199655294418, 0.004810763988643885, 0.01607743836939335, -0.03705507889389992, 0.007377408444881439, 0.04835156723856926, -0.053685419261455536, 0.0114699462428689, 0.008461524732410908, -0.04414519667625427, 0.016836319118738174, 0.04397173970937729, -0.009832930751144886, -0.006390863098204136, -0.041239768266677856, 0.003927209880203009, -0.020587360486388206, 0.014375376515090466, -0.02145465277135372, -0.02274475060403347, 0.0070630148984491825, -0.03263188898563385, -0.05745813995599747, -0.020197078585624695, -0.031981419771909714, 0.03250179439783096, 0.04683380573987961, 0.010206950828433037, 0.011459104716777802, 0.0015990709653124213, -0.01117723435163498, 0.03378105163574219, 0.01432117074728012, -0.017551835626363754, -0.0581086091697216, 0.009616107679903507, -0.011372375302016735, 0.02591037005186081, -0.004683380480855703, -0.02712457999587059, 0.008851805701851845, 0.023308491334319115, -0.03293544054031372, -0.00926376972347498, 0.025650180876255035, -0.01372490730136633, 0.015979867428541183, 0.003894686233252287, -0.027883460745215416, -0.03774891421198845, -0.02090175449848175, -0.009133676066994667, -0.002916271798312664, 0.014646405354142189, -0.043407998979091644, -0.014668087475001812, -0.01131816953420639, 0.023286808282136917, -0.015361921861767769, 0.05988655984401703, 0.010640596970915794, -0.015979867428541183, 0.013421354815363884, 0.0519941970705986, 0.010927887633442879, -0.016554448753595352, 0.020413901656866074, -0.012944343499839306, 0.023113351315259933, -0.006651050876826048, -0.0249997116625309, -0.020934278145432472, -0.028295423835515976, -0.022723069414496422, -0.014039300382137299, -0.00978956650942564, -0.004168425686657429, -0.0015760334208607674, -0.02660420350730419, 0.007030491251498461, 0.04425361007452011, 0.03495189547538757, 0.02365540899336338, 0.0321115106344223, 0.004322912078350782, -0.020164554938673973, 0.02158474735915661, -0.009903398342430592, 0.02056567743420601, -0.0023322042543441057, 0.04986932873725891, -0.008098345249891281, 0.029921598732471466, -0.018581746146082878, 0.007203950081020594, 0.02753654308617115, 0.0007697222754359245, 0.0025178592186421156, -0.0032550578471273184, -0.0005545930471271276, -0.017465107142925262, 0.021595587953925133, 0.016836319118738174, -0.018798569217324257, 0.0016641179099678993, -0.009892557747662067, 0.007610493339598179, 0.010066015645861626, -0.0031385153997689486, -0.0403074286878109, 0.019926048815250397, 0.003406834090128541, -0.01698809489607811, -0.03100571408867836, 0.015459492802619934, -0.014201917685568333, 0.017725294455885887, 0.012489015236496925, -0.006358339451253414, 0.041976965963840485, 0.0011362889781594276, -0.00535553228110075, 0.0018213146831840277, 0.035147037357091904, 0.011003776453435421, -0.013204531744122505, 0.003810667200013995, 0.010608074255287647, 0.01361649576574564, -0.004940858110785484, 0.003908237908035517, 0.008336851373314857, -0.025476723909378052, 0.007149744313210249, -0.03477843850851059, -0.018950344994664192, 0.04783119261264801, 0.03150440752506256, -0.032978806644678116, 0.00991423986852169, 0.0064667509868741035, 0.002196689834818244, 0.01203368604183197, -0.029119351878762245, -0.014559675939381123, -0.009854612872004509, -0.0022183721885085106, 0.04722408577799797, -0.0037564614322036505, -0.0034014135599136353, -0.02896757610142231, -0.05385887622833252, -0.005287775304168463, 0.013920048251748085, -0.011372375302016735, -0.013388831168413162, -0.0713781863451004, -0.038919758051633835, -0.03417133167386055, 0.0009818024700507522, 0.03852947801351547, 0.000831381359603256, 0.02619224041700363, 0.00548562640324235, -0.007328623440116644, -0.04848166182637215, 0.03959191218018532, -0.01856006309390068, -0.009708257392048836, -0.03638292849063873, 0.007756849285215139, -0.015838932245969772, 0.009832930751144886, 0.0041250609792768955, -0.011881910264492035, 0.03204646706581116, -0.027775049209594727, -0.03174291178584099, 0.006580583285540342, -0.03050702065229416, -0.007355726324021816, 0.009523957967758179, 0.008868067525327206, 0.016803795471787453, -0.06652134656906128, 0.0033797312062233686, -0.011849386617541313, 0.031352631747722626, -0.008472365327179432, 0.002066595945507288, -0.029921598732471466, 0.03560236468911171, 0.015459492802619934, -0.03254515677690506, -0.05273139476776123, -0.028598977252840996, -0.007594231516122818, -0.03883302956819534, -0.01182770449668169, -0.005057400558143854, -0.035970963537693024, -0.02252792753279209, 0.021194465458393097, 0.0027319719083607197, 0.008732553571462631, 0.027211308479309082, -0.01982847973704338, -0.012868455611169338, -0.0019961283542215824, -8.859259105520323e-05, -0.012564903125166893, 0.007897784002125263, -0.026170557364821434, -0.015838932245969772, -0.009751622565090656, -0.02040306106209755, -0.0006453877431340516, -0.014418740756809711, -0.012445650063455105, 0.009372181259095669, -0.03735863417387009, -0.003596554510295391, 0.023742137476801872, 0.009643211029469967, 0.03536386042833328, 0.010190689004957676, -0.009312555193901062, 0.011524152010679245, -0.009822090156376362, -0.008786759339272976, -0.014407900162041187, -0.030441973358392715, -0.00943180825561285, -0.005499177612364292, -0.028880847617983818, -0.05290485545992851, -0.002485335571691394, -0.015730520710349083, 0.007935727946460247, 0.028880847617983818, 0.03477843850851059, -0.026560839265584946, -0.0011010551825165749, 0.0032794505823403597, -0.006417965982109308, -0.015654632821679115, 0.005309457425028086, 0.026951121166348457, -0.012803408317267895, -0.0021397736854851246, -0.005621140822768211, -0.0178662296384573, -0.004371697083115578, -0.011621722020208836, 0.01740005984902382, -0.02447933703660965, 0.012770884670317173, -0.0010996999917551875, 0.0027834675274789333, 0.007453296799212694, 0.0019636049401015043, -0.02254961058497429, -0.013800795190036297, 0.015492015518248081, 0.02395896054804325, -0.03865957260131836, 0.009757042862474918, 0.02731972001492977, -0.009328817017376423, 0.032284971326589584, -0.011480786837637424, -0.007637596223503351, -0.024847935885190964, -0.01902623288333416, -0.037987418472766876, -0.04774446412920952, 0.01748678833246231, 0.03128758445382118, -0.013345465995371342, 0.00820675678551197, -0.017931276932358742, -0.011708451434969902, 0.04770109802484512, -0.014440423808991909, -0.038898076862096786, -0.015318557620048523, -0.012868455611169338, 0.0030382347758859396, -0.009729939512908459, -0.005756655242294073, -0.008472365327179432, 0.00762133440002799, -0.09843771904706955, -0.004233472514897585, 0.02846888266503811, -0.0013808925868943334, -0.013649018481373787, 0.017909593880176544, 0.01524266880005598, 0.06812584400177002, -0.011697609908878803, -0.02764495462179184, 0.002336269710212946, -0.020945118740200996, -0.032588522881269455, -0.0010373634286224842, 0.006174040026962757, 0.0016085569513961673, 0.030311880633234978, -0.012760044075548649, -0.0186142697930336, -0.015372763387858868, -0.008114607073366642, 0.022267740219831467, 0.002658794168382883, -0.02447933703660965, -0.011816862970590591, 0.027189625427126884, 0.02208344079554081, 0.017367536202073097, -0.007469558157026768, -0.020066983997821808, -0.012348080053925514, 0.012597426772117615, -0.009805828332901001, -0.0035396383609622717, -0.0025747751351445913, -0.034539930522441864, 0.004976091906428337, 0.004680670332163572, 0.024912983179092407, -0.002916271798312664, 0.014700611121952534, -0.0031520668417215347, -0.011600039899349213, -0.005886749364435673, -0.006548060104250908, -0.03235001862049103, -0.001182363834232092, 0.018603429198265076, 0.001711547956801951, -0.02723299153149128, 0.02417578361928463, -0.0063854423351585865, 0.0013903785729780793, -0.024826252833008766, -0.01974174939095974, 0.0024636532180011272, -0.02671261504292488, -0.044101834297180176, -0.013432195410132408, 0.030311880633234978, -0.022874845191836357, 0.008987320587038994, -0.003973284736275673, 0.008678347803652287, 0.06036357209086418, 0.005434130784124136, -0.016890525817871094, 0.010873681865632534, 0.020468108355998993, 0.0039434717036783695, -0.04056761413812637, 0.021422129124403, 0.01641351357102394, -0.009968445636332035, 0.03610105812549591, 0.020056143403053284, -0.018083052709698677, 0.014798182062804699, -0.03957023099064827, -0.03256684169173241, 0.027102896943688393, -0.02356867864727974, -0.042280517518520355, -0.006179460324347019, 0.014158553443849087, -0.033911146223545074, -0.0069058178924024105, -0.005621140822768211, -0.02976982109248638, 0.01290097925812006, 0.027406448498368263, 0.0020394930616021156, -0.023438585922122, 0.0006911238888278604, 0.02304830402135849, -0.005913852248340845, 0.03200310096144676, 0.010488821193575859, -0.04102294519543648, 0.008174234069883823, 0.02486961893737316, 0.021031847223639488, -0.036252833902835846, -0.05459607392549515, -0.010141903534531593, -0.02109689451754093, 0.03764050453901291, -0.0006951892864890397, 0.012207144871354103, -0.01325873751193285, 0.016803795471787453, -0.020934278145432472, -0.02846888266503811, 0.014494629576802254, 0.008705450221896172, 0.03532049432396889, 0.023828865960240364, 0.020858390256762505, -0.024219147861003876, 0.005577776115387678, -0.022202692925930023, -0.002199399983510375, -0.008835544809699059, 0.005371794104576111, -0.03532049432396889, -0.024739524349570274, 0.005198335740715265, 0.01990436762571335, 4.903930312138982e-05, -0.024934664368629456, -0.0015787436859682202, 0.060233477503061295, -0.0362311527132988, 0.009377602487802505, -0.015199304558336735, 0.037575457245111465, -0.02682102657854557, 0.02233278751373291, -0.0321548767387867, -0.030376926064491272, -0.013085278682410717, 0.013486401177942753, -0.03555900231003761, -0.02254961058497429, -0.03987378254532814, 0.046573616564273834, -0.028403835371136665, 0.01795295812189579, -0.01433201227337122, -0.018874457105994225, 0.015459492802619934, 0.01841912791132927, 0.035255447030067444, 0.025455040857195854, -0.023308491334319115, -0.00795741006731987, -0.008537412621080875, -0.03924499452114105, 0.045836418867111206, 0.04722408577799797, -0.05060653015971184, 0.027471495792269707, 0.029509633779525757, 0.0025368311908096075, 0.012120415456593037, -0.007632175926119089, -0.003618236631155014, 0.014006776735186577, 0.002544962102547288, -0.011188075877726078, 0.02095595933496952, 0.00464001577347517, -0.024414289742708206, 0.01463556382805109, 0.015535380691289902, -0.017974641174077988, 0.012304714880883694, -0.008087504655122757, -0.00762675516307354, -0.01704230159521103, 0.00022427647490985692, 0.01002265140414238, -0.017551835626363754, 0.022723069414496422, 0.013312943279743195, 0.01803968846797943, 0.011665087193250656, 0.012608267366886139, 0.028078600764274597, -0.013052755035459995, -0.0007805634522810578, 0.014483788050711155, 0.0059463754296302795, 0.026907755061984062, -0.02018623799085617, 0.011394057422876358, -0.032371699810028076, -0.0075833904556930065, -0.0009309845045208931, -0.027081213891506195, -0.06578414887189865, -0.0372285395860672, -0.010174427181482315, -0.0066239479929208755, -0.0014445844572037458, 0.01524266880005598, 0.00014449232548940927, 0.01580640859901905, -0.0145379938185215, 0.026994485408067703, -0.026235604658722878, 0.011773498728871346, -0.005463943816721439, 0.0013944440288469195, -0.020142873749136925, -0.02156306430697441, -0.02081502415239811, 0.03185132518410683, 0.02803523652255535, 0.01178433932363987, -0.011914432980120182, -0.009697416797280312, -0.02742813155055046, -0.04470893740653992, -0.014472946524620056, -0.021270353347063065, 0.009372181259095669, -0.025845322757959366, 0.0104617178440094, 0.024501018226146698, -0.025953734293580055, 0.025671863928437233, 0.010543026961386204, 0.011632563546299934, -0.01463556382805109, -2.5091354473261163e-05, 0.005301326513290405, -0.03540722280740738, 0.015080051496624947, -0.002551737707108259, 0.01677127182483673, 0.01382247731089592, 0.0070630148984491825, -0.019351467490196228, -0.015773886814713478, 0.0015936503186821938, 0.012207144871354103, -0.013497242704033852, 0.007426193915307522, -0.03447488322854042, 0.011242281645536423, 0.0013415933353826404, 0.02937954105436802, -0.03122253715991974, 0.028945893049240112, -0.02147633582353592, -0.010537606664001942, 0.0033336563501507044, 0.00112883560359478, 0.02004530280828476, 0.02987823262810707, 0.03174291178584099, 0.0438850112259388, 0.025064758956432343, -0.025888686999678612, -0.020283807069063187, -0.0095564816147089, -0.009849192574620247, -0.018462494015693665, -0.04102294519543648, -0.029813187196850777, 0.034106284379959106, 0.014158553443849087, -0.010889943689107895, -0.003420385532081127, -0.02150885947048664, 0.013659860007464886, 0.0027834675274789333, -0.002954215742647648, -0.013594812713563442, -0.01941651478409767, 0.0012548641534522176, 0.00417926674708724, 0.035147037357091904, -0.008461524732410908, -0.011643404141068459, 0.0021126708015799522, -0.022126805037260056, 0.011914432980120182, -0.02486961893737316, 0.01938399113714695, 0.005092634353786707, -0.013421354815363884, 0.0026601492427289486, -0.007485819980502129, -0.00453702500090003, -0.015004163607954979, -0.020804183557629585, 0.01888529770076275, 0.01025573629885912, -0.0018836513627320528, 0.008542832918465137, 0.01905875653028488, -0.05121363326907158, 0.0003662279050331563, 0.02222437597811222, 0.0063637602142989635, -0.034106284379959106, -0.029748139902949333, 0.019655020907521248, 0.0025625790003687143, 0.040545932948589325, -0.012781726196408272, 0.030008327215909958, 0.007838157936930656, 0.013063596561551094, -0.007068435661494732, -0.0316128171980381, 0.0020029041916131973, -0.021075213328003883, 0.04041583836078644, 0.015437809750437737, 0.017877070233225822, 0.03581918776035309, -0.006396283861249685, -0.01841912791132927, 0.0071443235501646996, -0.026083827018737793, -0.04531604424118996, 0.024717841297388077, 0.03341245278716087, -0.007361146621406078, 0.03566741198301315, 0.009149937890470028, -0.048394933342933655, 0.02076081931591034, 0.023525314405560493, 0.018635950982570648, 0.008195916190743446, 0.021237829700112343, -0.013377989642322063, -0.032068148255348206, 0.05364205315709114, 0.00831516832113266, -0.008033298887312412, -0.009561901912093163, 0.02569354698061943, 0.026864390820264816, 0.00298131862655282, -0.0183649230748415, 0.022462880238890648, -0.031179172918200493, 0.01514509879052639, 0.022679703310132027, 0.017627723515033722, 0.023612042888998985, 0.03885471448302269, -0.017269965261220932, -0.04904540255665779, -0.027363084256649017, -0.009225825779139996, 0.03792237490415573, -0.013844159431755543, 0.0024351952597498894, -0.01816978119313717, 0.0074045113287866116, 0.012066209688782692, 0.03213319554924965, 0.0402640625834465, 0.017031461000442505, -0.008407318964600563, -0.0038702937308698893, -0.030051691457629204, 0.025433357805013657, -0.01488491054624319, 0.01142658106982708, 0.008250121958553791, 0.03395450860261917, 0.023698773235082626, -0.0018213146831840277, 0.0069058178924024105, -0.0011166393524035811, 0.029336174950003624, 0.03709844499826431, -0.012337238527834415, -0.015307716093957424, -0.02968309260904789, -0.008602459914982319, -0.024717841297388077, 0.007767690345644951, -0.01591482013463974, 0.011003776453435421, -0.01671706698834896, -0.009567322209477425, 0.0193623099476099, -0.014668087475001812, 0.03306553512811661, -0.0254984050989151, 0.006314974743872881, -0.007881522178649902, 0.01918885111808777, -0.016858002170920372, 0.03883302956819534, -0.020728295668959618, 0.02324344404041767, 0.005729552358388901, 0.016727907583117485, 0.029401222243905067, 0.02015371434390545, -0.024956347420811653, -0.012825090438127518, 0.034214697778224945, -0.024219147861003876, 0.010998355224728584, 0.036252833902835846, -0.02662588655948639, -0.06209815666079521, -0.01264079101383686, 0.025541769340634346, 0.015535380691289902, -0.0018619690090417862, 0.00632581626996398, -0.012044527567923069, 0.007442455273121595, -0.0068841357715427876, 0.024414289742708206, 0.015177622437477112, -0.01982847973704338, 0.0048270258121192455, 0.020880071446299553, 0.016727907583117485, -0.021183624863624573, 0.023785501718521118, -0.0254984050989151, -0.013486401177942753, -0.052688032388687134, -0.015275192447006702, 0.014646405354142189, -0.015416127629578114, -0.014852387830615044, -0.00041907854028977454, -0.0150366872549057, 0.044123515486717224, 0.008927694521844387, -0.027991872280836105, 0.012554061599075794, 0.009252929128706455, -0.018484175205230713, 0.018213147297501564, -0.007588811218738556, -0.04312612861394882, -0.001054302672855556, 0.007231052964925766, 0.03508199006319046, -0.0037212276365607977, -0.007187688257545233, -0.026495791971683502, 0.006152357440441847, 0.022723069414496422, 0.04887194186449051, -0.006434227805584669, 0.002566644223406911, -0.009258349426090717, -0.013540606945753098, 0.030463656410574913, 0.030528703704476357, -0.003341787261888385, 0.027818413451313972, 0.008737973868846893, 0.01012022141367197, 0.014754816889762878, -0.01916716806590557, 0.011074244044721127, 0.03529881313443184, 0.0015963605837896466, 0.0005833898321725428, -0.02018623799085617, 0.02172568254172802, -0.009751622565090656, -0.013204531744122505, 0.043299589306116104, 0.024045690894126892, 0.015741363167762756, 0.0206740889698267, 0.01745426468551159, 0.011144711636006832, 0.0018457073019817472, -0.026842709630727768, 0.011383216828107834, 0.04056761413812637, -0.00573497312143445, 0.016955573111772537, -0.00026713291299529374, 0.001365308417007327, 0.002851224737241864, 0.02081502415239811, -0.02385054901242256, 0.003951602149754763, 0.0024162232875823975, -0.017779501155018806, -0.017172396183013916, -0.0009445359464734793, -0.02235446870326996, -0.03020346909761429, 0.010927887633442879, 0.00926376972347498, 0.027276355773210526, 0.016207532957196236, 0.026452427729964256, 0.016391832381486893, -0.0006447101477533579, -0.014841546304523945, 0.020175395533442497, 0.005794599186629057, -0.008602459914982319, 0.014624723233282566, 0.02406737208366394, -0.018570905551314354, -0.03705507889389992, -0.020695772022008896, -0.023221762850880623, -0.017194077372550964, 0.0018511278321966529, -0.0056861876510083675, 0.001307714730501175, -0.027406448498368263, 0.01228303276002407, 0.04399342089891434, -0.03937508910894394, 0.0073936702683568, -0.004480108618736267, -0.028512246906757355, -0.004377117846161127, 0.011979480274021626, -0.00596805801615119, 0.016261737793684006, 0.019622497260570526, 0.00892227329313755, 0.03089730255305767, 0.010580970905721188, 0.024089055135846138, -0.012120415456593037, 0.0029569261241704226, -0.03122253715991974, 0.046963900327682495, -0.010543026961386204, -0.01916716806590557, 0.02560681663453579, 0.01974174939095974, 0.03152608871459961, 0.014494629576802254, -0.01880940981209278, -0.03241506591439247, -0.0056048789992928505, 0.015318557620048523, -0.01679295487701893, 0.0015733231557533145, 0.015524539165198803, 0.031461041420698166, 0.031157489866018295, 0.003981415648013353, 0.02183409407734871, -0.01995857246220112, 0.011600039899349213, -0.022072598338127136, 0.03800910338759422, -0.008412739261984825, -0.026582520455121994, -0.013453877530992031, 0.010374989360570908, 0.0030409449245780706, 0.004439454525709152, 0.01274920254945755, 0.0049245962873101234, -0.02846888266503811, -0.037488725036382675, -0.0300950575619936, -0.036881621927022934, -0.009214985184371471, -0.009876295924186707, 0.015426969155669212, -0.017833705991506577, 0.0016885105287656188, 0.021899141371250153, 0.020066983997821808, 0.005065531469881535, 0.006054786965250969, 0.0025463171768933535, 0.026257285848259926, 0.024305878207087517, 0.004721324425190687, 0.019763432443141937, 0.013421354815363884, -0.002900009974837303, 0.02469616010785103, -0.00859161838889122, 0.0265174750238657, -0.027059532701969147, -0.03675152733922005, -0.012337238527834415, -0.014440423808991909, 0.0016803796170279384, 0.0033959930296987295, 0.005561514291912317, 0.05346859619021416, 0.008092924952507019, 0.018733521923422813, -0.01499332208186388, 0.027081213891506195, 0.029444586485624313, -0.011806021444499493, 0.015470333397388458, 0.006862453650683165, -0.029141034930944443, 0.02875075303018093, 0.008851805701851845, -0.006819088943302631, 0.005800019949674606, 0.013952570967376232, 0.002301035914570093, -0.01535108033567667, 0.015925662592053413, -0.038507796823978424, -0.036859940737485886, -0.009019844233989716, -0.0023931858595460653, -0.034713391214609146, 0.011166393756866455, -0.01315032597631216, -0.0065426393412053585, -0.024717841297388077, 0.012564903125166893, 0.003664311720058322, 0.020825866609811783, 0.00787610188126564, 0.04366818815469742, -0.06153441593050957, 0.022983256727457047, 0.007371988147497177, 0.018223987892270088, 0.01677127182483673, 0.02213764563202858, 0.0034664603881537914, -0.002229213248938322, 0.0009953539120033383, -0.019568292424082756, -0.02335185557603836, 0.0034664603881537914, 0.010700223967432976, 0.04212874174118042, -0.026539156213402748, 0.03347749635577202, 0.016836319118738174, 0.021823251619935036, 0.03230665251612663, 0.014798182062804699, 0.014603041112422943, 0.035233765840530396, 0.0020882782991975546, -0.01883109286427498, 0.0012616398744285107, -0.019817637279629707, 0.009366760961711407, -0.022679703310132027, 0.0037564614322036505, 0.0030111318919807673, -0.0016614075284451246, -0.008244701661169529, 0.0033797312062233686, 0.0265174750238657, 0.011166393756866455, -0.020001938566565514, -0.004163004923611879, -0.00820675678551197, 0.04141322523355484, -0.037076763808727264, -0.022018393501639366, 0.0003093118139076978, -0.03274029865860939, -0.011339851655066013, 0.003485432593151927, -0.01279256772249937, 0.026344016194343567, -0.04143491014838219, 0.05234111472964287, 0.02630065195262432, 0.03100571408867836, -0.01157835777848959, 0.023698773235082626, -0.01743258349597454, -0.033607590943574905, -0.028533929958939552, -0.024544382467865944, -0.023091668263077736, -0.010374989360570908, 0.02703784964978695, 0.02439260669052601, 0.025736911222338676, 0.0150475287809968, 0.0036236573942005634, 0.026257285848259926, 0.00655348040163517, -0.0026506632566452026, 0.012575743719935417, 0.01047797966748476, 0.014462105929851532, 0.017215760424733162, -0.007312361616641283, 0.03388946130871773, 6.678322824882343e-05, -0.03295712172985077, 0.008429001085460186, -0.01737837679684162, -0.004818894900381565, 0.030116738751530647, 0.03193805366754532, 0.00583796389400959, -0.031981419771909714, -0.0018511278321966529, -0.011372375302016735, -0.0014784630620852113, 0.025758592411875725, 0.028598977252840996, 0.02161727100610733, 0.009117414243519306, -0.03957023099064827, -0.018581746146082878, 0.038898076862096786, -0.012402285821735859, -0.022592974826693535, 0.010206950828433037, -0.050736621022224426, 0.030051691457629204, -0.012976867146790028, 0.020988482981920242, 0.027363084256649017, -0.04006892442703247, -0.017985481768846512, 0.04978260025382042]"
completed_notes_1.txt,"Apples are one of the most widely cultivated and consumed fruits globally, playing a central role in agriculture, culture, and nutrition for thousands of years. They originate from the mountainous regions of Central Asia, particularly Kazakhstan, where the wild ancestor Malus sieversii still grows today. Modern apples, scientifically known as Malus domestica, are part of the Rosaceae family, which includes pears, cherries, and roses. Over centuries, selective breeding has focused on improving size, sweetness, pest resistance, climatic adaptability, and storage longevity. This process has led to the development of over 7,500 cultivars worldwide, each with unique attributes such as shape, skin color, ripening season, and flavor profile. Some apples, like the tart Granny Smith, are favored for baking, whereas others, such as the honeyed Fuji or crisp Gala, are enjoyed fresh. 

The anatomy of an apple includes distinct parts with specific functions. The skin serves as a natural barrier, protecting the fruit from pests, dehydration, and microbial invasion. It also contains antioxidants like quercetin and catechin that may reduce inflammation and oxidative stress. Beneath the skin lies the flesh, composed mainly of water, sugars, and fibers, which provides the bulk of the apple's refreshing taste and texture. Deeper still is the core, housing seeds within a papery casing known as the endocarp. These seeds contain small amounts of amygdalin, which can release cyanide in large doses. However, the quantity in a typical apple seed is generally harmless unless consumed excessively. Apples offer versatility in their use; they can be eaten raw, juiced, cooked, dried, or fermented into beverages like hard cider and apple vinegar. They are rich in soluble fiber like pectin, promoting digestion and regulating cholesterol and blood sugar levels. Apples also provide vitamin C, potassium, and polyphenols that support cardiovascular and immune health. 

Apple trees thrive in temperate climates where cold winters meet chilling requirements needed to trigger flowering in spring. The trees blossom in early to mid-spring, with delicate white or pink flowers that depend heavily on insect pollinators, especially honeybees, for fertilization. Each flower contains both male and female reproductive structures, though cross-pollination between different cultivars is typically necessary for viable fruit development. Once pollinated, flowers develop into fruit over the summer, with most harvesting occurring from late August to October. Commercial orchards employ grafting techniques, attaching branches from desirable cultivars to disease-resistant or climate-adapted rootstocks. This ensures genetic consistency and enhances the tree's resistance to soil-borne diseases and environmental stress. 

Ethylene production in apples, a gaseous plant hormone regulating ripening, is a remarkable biological trait. Ethylene affects the apple and influences nearby fruits, accelerating their ripening and decay if stored improperly. This explains why apples are often stored separately in homes and distribution centers. In commercial settings, apples are kept in controlled atmosphere (CA) storage, where oxygen and carbon dioxide levels are adjusted precisely, and temperatures are kept slightly above freezing. These conditions slow respiration and ethylene production, extending shelf life and preserving flavor and texture for months post-harvest. 

Culturally, apples hold significant symbolic and historical importance. They appear in ancient mythologies, like the Greek tale of the golden apple that sparked the Trojan War, and religious texts where the “forbidden fruit” is often depicted as an apple. In Norse mythology, apples symbolize youth and rejuvenation. Literature and folklore often employ apples to represent temptation, wisdom, or magic. The phrase “an apple a day keeps the doctor away” underscores the belief in the fruit’s health benefits, affirmed by modern nutritional science. Economically, apples are pivotal in the global fruit trade, with major producers like the United States, China, Poland, and Turkey. Apples contribute billions to global agricultural markets annually. 

From orchard to supermarket, and myth to medicine, apples exemplify the enduring connection between biology, cultivation, and culture. Their historical journey reflects human ingenuity in agriculture and nature’s capacity for diversity. Whether enjoyed raw, baked into pie, or pressed into cider, apples remain a cherished global fruit, with a role in human life that evolves yet never fades. ","[0.018498899415135384, 0.004591733682900667, 0.01612355373799801, 0.05724821239709854, 0.041148655116558075, -0.04083674028515816, -0.000521856069099158, -0.03930116444826126, -0.010695050470530987, 0.020058467984199524, 0.03387865796685219, -0.014024132862687111, -0.025936847552657127, -0.00017263989138882607, -0.012932433746755123, -0.02420932427048683, -0.015871623530983925, 0.037237729877233505, 0.008811569772660732, -0.00514958007261157, 0.01972256228327751, 0.04642719775438309, -0.018618864938616753, -0.002714251633733511, 0.025720907375216484, -0.051297854632139206, -0.0271845031529665, 0.02869608625769615, 0.0100712226703763, -0.056240491569042206, -0.011078945361077785, -0.013784199021756649, 0.001838493044488132, 0.0019179710652679205, -0.017803091555833817, 0.0006440724246203899, 0.01668739877641201, -0.02927192859351635, 0.00489465007558465, -0.016963321715593338, -0.019566604867577553, -0.006298263091593981, 0.015787646174430847, 0.03625400364398956, -0.015535715967416763, -0.043667957186698914, -0.038485389202833176, -0.009765307419002056, -0.005752413999289274, 0.01638748124241829, -0.02406536415219307, -0.010785026475787163, -0.03356674313545227, -0.0019419644959270954, -0.035678163170814514, 0.02464120462536812, -0.06420629471540451, 0.038149479776620865, -0.009489383548498154, 0.02569691464304924, 0.025456979870796204, -0.007108040153980255, -0.00866760965436697, 0.038605354726314545, -0.03375869244337082, 0.018582874909043312, 0.013052401132881641, 0.029655821621418, -0.011198911815881729, -0.00305165839381516, 0.06602979451417923, 0.007096043322235346, -0.013424297794699669, 0.012908440083265305, 0.014468010514974594, -0.02250579372048378, 0.0021429089829325676, 0.025984834879636765, -0.026944570243358612, -0.006736142560839653, -0.004594733007252216, 0.008997518569231033, 0.01854688487946987, -0.018942777067422867, 0.019446637481451035, 0.00899152085185051, 0.015307778492569923, -0.011312880553305149, -0.06670160591602325, 0.009681330062448978, 0.009687328711152077, 0.010119209997355938, 0.027664370834827423, -0.005935363471508026, -0.006634170655161142, 0.02627275511622429, -0.04119664058089256, 0.007671884261071682, -0.030495591461658478, -0.004378792364150286, 0.03579812869429588, -0.028336185961961746, -0.04306812211871147, 0.04203640669584274, 0.03774159401655197, -0.015271788462996483, -0.010473111644387245, 0.009399408474564552, -0.02091023325920105, 0.013400305062532425, -0.04729095846414566, 0.018462909385561943, 0.01999848522245884, -0.03426255285739899, 0.013460288755595684, 0.02824021317064762, -0.044003866612911224, -0.0309754591435194, 0.0707324966788292, 0.0013361315941438079, -0.022637758404016495, 0.0018504897598177195, -0.037693604826927185, 0.004765685647726059, -0.008757584728300571, -0.010725042782723904, 0.02524103969335556, 0.02581688016653061, 0.02581688016653061, -0.026200775057077408, 0.02003447525203228, 0.0130164111033082, 0.00617829617112875, -0.0319351926445961, -0.0068920995108783245, -0.03718974441289902, -0.009537369944155216, 0.03402261808514595, -0.015955600887537003, 0.04158053547143936, 0.05009818449616432, -0.026176782324910164, 0.028840048238635063, 0.015991590917110443, 0.056288477033376694, -0.000260928034549579, -0.01248855609446764, 0.0030036717653274536, -0.02562493458390236, 0.046163272112607956, 0.06334253400564194, -0.01740719936788082, -0.044531721621751785, 0.012764479964971542, 0.052209604531526566, -0.04196442663669586, 0.03265499696135521, 0.04661914333701134, -0.026512689888477325, -0.026704635471105576, -0.027280477806925774, 0.004711700603365898, -0.04170050099492073, -0.0309754591435194, -0.028024272993206978, 0.035750143229961395, -0.07735466957092285, -0.02576889470219612, -0.036661889404058456, -0.041868455708026886, -0.06794926524162292, -0.05053006485104561, 0.0014688449446111917, -0.00023843425151426345, -0.0376456193625927, 0.015535715967416763, 0.009411404840648174, -0.0349823534488678, -0.0028462151531130075, -0.0036409960594028234, 0.008355695754289627, 0.022673748433589935, -0.026440709829330444, -0.0547529011964798, 0.028144238516688347, -0.03315885737538338, -0.002853712998330593, 0.014468010514974594, -0.014420024119317532, 0.026104802265763283, -0.014012136496603489, 0.028336185961961746, 0.04580336809158325, -0.018294954672455788, 0.03251103684306145, -0.029583841562271118, 0.06238279864192009, -0.010083219967782497, 0.027952292934060097, 0.020358385518193245, 0.008127759210765362, 0.06468616425991058, 0.028864040970802307, -0.007473939098417759, -0.02079026773571968, 0.04858660325407982, 0.010143202729523182, 0.06737342476844788, -0.0229976586997509, -0.03277496248483658, 0.030015723779797554, -0.0437159463763237, 0.028000278398394585, 0.05585659667849541, -0.020802263170480728, 0.0023768446408212185, 0.0042288340628147125, 0.04074076563119888, -0.02562493458390236, 0.06219084933400154, 0.007569912821054459, -0.016435468569397926, 0.045371487736701965, 0.017203256487846375, 0.009249449707567692, -0.005743416026234627, -0.017887067049741745, 0.0020049470476806164, 0.022397823631763458, -0.044723667204380035, 0.02330957166850567, 0.022949671372771263, -0.03831743448972702, -0.046091292053461075, 0.003548021661117673, -0.0055214776657521725, 0.06516603380441666, 0.016855351626873016, 0.030135689303278923, -0.00042888172902166843, -0.003925917204469442, -0.00048399154911749065, -0.001423857407644391, 0.0383894145488739, 0.03056757152080536, 0.018378932029008865, -0.028264205902814865, -0.058255936950445175, -0.0130164111033082, 0.03740568459033966, -0.023321568965911865, 0.001041462761349976, 0.03709376975893974, 0.018390929326415062, 0.006904096342623234, -0.05542471632361412, 0.028600113466382027, -0.021078187972307205, 0.03747766464948654, 0.017191259190440178, -0.0589277520775795, 0.011942707002162933, -0.021678023040294647, -0.023969391360878944, 0.026488695293664932, 0.018186984583735466, -0.009825291112065315, -0.015943603590130806, -0.018810812383890152, 0.0012701497180387378, 0.004618726205080748, 0.034766413271427155, 0.033326808363199234, -0.002807225799188018, 0.01908673718571663, -0.07303585857152939, -0.03356674313545227, 0.013280337676405907, 0.01593160629272461, -0.024761172011494637, -0.03179123252630234, -0.013412301428616047, 0.03599007427692413, -0.04093271121382713, 0.023057641461491585, -0.012536543421447277, 0.01368822529911995, 0.008691603317856789, 0.023357558995485306, -0.019518617540597916, -0.003395063802599907, -0.0006613176665268838, 0.044075846672058105, -0.019110729917883873, 0.03212714195251465, -0.0034100597258657217, 0.01412010658532381, 0.024737179279327393, -0.0414365753531456, -0.03510231897234917, 0.03207915276288986, 0.02394539676606655, 0.01258452981710434, -0.03934914991259575, -0.019758552312850952, -0.04285218194127083, -0.01284845732152462, -0.008247725665569305, 0.04493960738182068, 0.013796195387840271, -0.00022643756528850645, 0.041148655116558075, 0.09002317488193512, -0.05355323106050491, -0.026176782324910164, 0.006796125788241625, 0.008379689417779446, -0.02752041071653366, -0.01812700182199478, 0.018582874909043312, -0.024425264447927475, 0.02269774116575718, 0.017767101526260376, 0.04311611130833626, -0.02326158620417118, -0.025121072307229042, -0.001484590582549572, 0.021114178001880646, -0.03402261808514595, -0.03234308212995529, 0.00649021053686738, -0.057920027524232864, -0.008769582025706768, 0.028048265725374222, -0.014300056733191013, 0.007929813116788864, 0.03337479755282402, -0.0425882562994957, 0.04455571249127388, 0.010797022841870785, 0.008241727016866207, -0.08949532359838486, 0.01828295923769474, -0.04625924304127693, 0.005281543824821711, 0.0064002349972724915, 0.016027580946683884, 0.011978697031736374, -0.06089520826935768, -0.003958908375352621, -0.012512549757957458, 0.029823776334524155, 0.0013128879945725203, 0.03539024293422699, -0.011426849290728569, -0.008211735635995865, 0.032487042248249054, -0.027208497747778893, -0.037885554134845734, 0.003242105944082141, 0.022361833602190018, -0.06089520826935768, 0.05048207938671112, 0.014072119258344173, 0.0050955950282514095, 0.0070120664313435555, -0.03999697044491768, -0.021390100941061974, 0.016483454033732414, -0.00021369107707869262, -0.001268650172278285, 8.786639682512032e-08, 0.01130688190460205, -0.05648042634129524, 0.045059576630592346, 0.01882280968129635, -0.023777443915605545, 0.0055844602175056934, -0.0054075089283287525, 0.008655613288283348, -0.016795368865132332, 0.029391895979642868, 0.034886378794908524, -0.018462909385561943, 0.016819361597299576, 0.03169526159763336, -0.017959047108888626, 0.03409459814429283, -0.013700222596526146, 0.024881139397621155, 0.05029013380408287, -0.025145066902041435, -0.018690846860408783, -0.013004413805902004, -0.008037783205509186, 0.024077361449599266, -0.0201424453407526, -0.004627723712474108, 0.003386066295206547, 0.012596526183187962, 0.0055994559079408646, -0.0298477690666914, -0.022061916068196297, 0.05782405659556389, 0.037573639303445816, 0.048682574182748795, -0.00018744831322692335, -0.0022673746570944786, -0.004396787378937006, 0.015235798433423042, 0.00984928384423256, 0.0402848906815052, 0.044843632727861404, -0.004399786703288555, 0.06718147546052933, -0.06075124815106392, 0.005629447754472494, -0.012944430112838745, 0.01699931174516678, -0.0699647068977356, 0.02919994853436947, -0.0471469983458519, 0.020094459876418114, -0.033086877316236496, -0.03896525502204895, 0.039325155317783356, 0.005314534530043602, -0.016735386103391647, -0.02543298713862896, -0.06722946465015411, -0.019134724512696266, 0.06142306327819824, 0.007605902850627899, -0.010641065426170826, 0.004672711715102196, -0.018330944702029228, -0.0022448808886110783, -0.004435776732861996, 0.01954261027276516, -0.026248762384057045, 0.02797628566622734, -0.04551544785499573, 0.023393549025058746, -0.0005919617833569646, 0.03279895707964897, 0.08719195425510406, 0.00021687769913114607, 0.03095146454870701, -0.05086597427725792, 0.008223732002079487, 0.00019813286780845374, 0.003826944623142481, -0.04813072830438614, -0.008469664491713047, -0.024053366854786873, 0.05686432123184204, -0.03063955157995224, -0.00376396207138896, -0.019602594897150993, -0.047386933118104935, -0.010167196393013, 0.014456014148890972, 0.03491037338972092, 0.010803021490573883, -0.02159404568374157, 0.03625400364398956, 0.031239386647939682, 0.0007617899100296199, 0.03095146454870701, 0.007761859800666571, 0.06910094618797302, -0.00634025176987052, -0.03407060354948044, -0.009483384899795055, 0.0024488246999680996, -0.010083219967782497, 0.018846802413463593, 0.04162852093577385, 0.03277496248483658, -0.024713184684515, -0.006682157516479492, 0.004654716234654188, 0.0005998346023261547, -0.017431193962693214, -0.015955600887537003, -0.01831894926726818, 0.04671511799097061, 0.02413734421133995, 0.008247725665569305, 0.014599974267184734, -0.0585438571870327, -0.011258895508944988, 0.02550496719777584, -0.010335150174796581, 0.05724821239709854, 0.026776615530252457, -0.022685743868350983, -0.025121072307229042, -0.03397463262081146, 0.006850111298263073, 0.03349476307630539, 0.026512689888477325, 0.011714769527316093, -0.009603352285921574, 0.0005398511420935392, 0.0327029824256897, 0.03870132938027382, 0.01965058222413063, 0.011378861963748932, -0.00917746964842081, -0.014384033158421516, -0.00635824678465724, 0.021258138120174408, 0.014743934385478497, -0.021462081000208855, 0.03375869244337082, 0.033278822898864746, 0.01859487220644951, -0.008049780502915382, -0.006478213705122471, -0.00037827069172635674, -0.04326007142663002, -0.013232351280748844, -0.002469819039106369, -0.007228007074445486, -0.02448524907231331, -0.0353662483394146, 0.015595699660480022, -0.0260328222066164, -0.016111556440591812, 0.0024728181306272745, -0.009663335047662258, 0.020322395488619804, -0.008217734284698963, 0.023237591609358788, 0.048562608659267426, 0.0015333271585404873, -0.03740568459033966, -0.002438327530398965, -0.022829703986644745, 0.029511861503124237, -0.028384173288941383, -0.002375344978645444, -0.03258301690220833, -0.010863004252314568, 0.01108494307845831, -0.008409680798649788, -0.024689191952347755, 0.009093492291867733, -0.002034938894212246, 0.00794181041419506, 0.00616030115634203, 0.015343768522143364, -0.007000069599598646, 0.01001723762601614, 0.001637548441067338, -0.05124986916780472, -0.016015583649277687, 0.018330944702029228, 0.003260100958868861, -0.02855212613940239, 0.027424437925219536, 0.015367762185633183, -0.01418009027838707, -0.012086667120456696, -0.008475663140416145, 0.023009655997157097, 0.041604526340961456, 0.007971801795065403, -0.002910697367042303, 0.03090347908437252, -0.03510231897234917, -0.010851007886230946, -0.038149479776620865, -0.010605075396597385, 0.03234308212995529, 0.021462081000208855, -0.014000139199197292, 0.04155654087662697, 0.03874931484460831, -0.026824602857232094, -0.04671511799097061, -0.05806398764252663, 0.009897271171212196, -0.011588804423809052, 0.025265032425522804, 0.028792060911655426, -0.017479179427027702, -0.0011014462215825915, 0.000768538098782301, -0.011360866948962212, -0.018882792443037033, 0.002054433571174741, 0.014875898137688637, -0.005239555146545172, 0.03855736926198006, -0.04767485335469246, 0.013388307765126228, -0.00879957340657711, 0.019290680065751076, -0.02627275511622429, 0.019266687333583832, -0.0034430506639182568, 0.012740487232804298, 0.007275993470102549, 0.021654028445482254, 0.016783371567726135, -0.037573639303445816, -0.015427745878696442, -0.024449259042739868, -0.003101144917309284, 0.0013713717926293612, -0.00039514104719273746, 0.0004821170587092638, 0.019902512431144714, 0.014815914444625378, 0.023957394063472748, -0.013004413805902004, -0.013376311399042606, 0.019626587629318237, -0.009909267537295818, 0.009645340032875538, -0.03150331228971481, -0.017131276428699493, -0.006748139392584562, -0.012272615917026997, -0.014072119258344173, -0.03018367663025856, 0.003652992658317089, 0.0008967526955530047, 0.024149341508746147, -0.027160510420799255, 0.0018804814899340272, 0.008661611936986446, -0.007863831706345081, -0.04054882004857063, 0.0025507966056466103, -0.03491037338972092, -0.012344595976173878, -0.029895756393671036, -0.005365520250052214, 0.01566767878830433, 0.008739589713513851, -0.0048466636799275875, 0.004093870986253023, -0.021761998534202576, 0.011522823013365269, -0.03167126700282097, 0.0046667130663990974, 0.002897201105952263, 0.0364939384162426, -0.014228076674044132, 0.0033350803423672915, 0.00870359968394041, 0.020250415429472923, 0.01691533625125885, -0.009777303785085678, -0.0008772580767981708, 0.029751796275377274, 0.01915871724486351, -0.0010684553999453783, -0.026056814938783646, -0.010647064074873924, 0.016483454033732414, 0.020406372845172882, -0.0013586253626272082, 0.020154442638158798, 0.04777082800865173, 0.07097242772579193, 0.008637618273496628, 0.05940761789679527, 0.00253280159085989, 0.052401550114154816, 0.01653144136071205, -0.006532198749482632, -0.004759687464684248, 0.016771376132965088, 0.003362072864547372, 0.0338306725025177, 0.004009894095361233, -0.005098593886941671, -0.011888721957802773, -0.034310538321733475, 0.00642422866076231, 0.02672863006591797, -0.01737120933830738, 0.010431123897433281, 0.011318879202008247, 0.0013511274009943008, -0.01812700182199478, -0.011324876919388771, 0.025984834879636765, 0.008721594698727131, -0.0032690984662622213, -0.016327498480677605, 0.015259792096912861, 0.016543438658118248, 0.005938362330198288, -0.02660866267979145, -0.053697191178798676, -0.0055274758487939835, 0.01157680805772543, -0.06214286386966705, -0.028720080852508545, -0.0005484737339429557, 0.010041231289505959, -0.019950497895479202, 0.017287233844399452, 0.02152206562459469, -0.009231454692780972, 0.030279651284217834, 0.012860453687608242, -0.030615556985139847, 0.03159928694367409, 0.007054054643958807, -0.03200717270374298, 0.0019434640416875482, -0.0011434346670284867, 0.007066051475703716, -0.02934390865266323, -0.02464120462536812, 0.03599007427692413, -0.018714839592576027, 0.008031785488128662, 0.0021609042305499315, 0.00382094644010067, 0.01362824160605669, -0.006964079570025206, -0.029487868770956993, -0.009465389885008335, -0.038869280368089676, -0.01588362082839012, 0.031383346766233444, 0.0041058678179979324, -0.02155805565416813, 0.02019043266773224, -0.012404579669237137, -0.025600939989089966, 0.011522823013365269, 0.025408992543816566, -0.03162328153848648, -0.012170643545687199, -0.06108715385198593, -0.023009655997157097, -0.006826117634773254, -0.0005510980263352394, -0.005551469046622515, -0.03471842780709267, -0.03435852378606796, 0.01733521930873394, 0.06785328686237335, 0.008925538510084152, -0.016255518421530724, 0.02440127171576023, 0.024149341508746147, -0.009657337330281734, -0.021582048386335373, 0.022709738463163376, -0.01596759632229805, 0.05316933989524841, -0.008901545777916908, 0.03558218851685524, 0.00870359968394041, 0.0024008380714803934, 0.005614451598376036, -0.0064002349972724915, 0.01717926189303398, -0.009189466014504433, 0.0226137638092041, 0.0027742350939661264, -0.02022642269730568, 0.010545092634856701, 0.004333804827183485, 0.015343768522143364, 0.009357419796288013, -0.019038749858736992, 0.004672711715102196, 9.203712397720665e-05, 0.007755861151963472, -0.018726836889982224, 0.009945257566869259, -0.035414233803749084, -0.033590737730264664, 0.0003081650356762111, -0.014683950692415237, -0.023465529084205627, -0.012896443717181683, -0.006808122619986534, -0.04431578144431114, -0.032631002366542816, 0.023969391360878944, 0.030687537044286728, -0.033278822898864746, 0.01615954376757145, -0.0429481565952301, -0.056432437151670456, 0.024149341508746147, -0.05921567231416702, -0.04083674028515816, -0.002178899245336652, -0.031191399320960045, -0.0006436975090764463, -0.05806398764252663, -0.017935054376721382, -0.0043547991663217545, 0.01968657225370407, -0.020094459876418114, 0.04287617653608322, 0.0006530699320137501, 0.0011689276434481144, -0.01385617908090353, 0.023849423974752426, 0.029751796275377274, -0.001685535185970366, 0.020742280408740044, -0.058783791959285736, -0.013448291458189487, -0.02960783615708351, -0.0028027270454913378, -0.005287542007863522, 0.012044678442180157, 0.03102344460785389, -0.003116140840575099, -0.011978697031736374, -0.017131276428699493, -0.025648927316069603, 0.02615278773009777, -0.03335080295801163, -0.007917816750705242, -0.01740719936788082, 0.028984008356928825, -0.013736212626099586, -0.02417333424091339, 0.026512689888477325, 0.008661611936986446, 0.02828819863498211, -0.023093631491065025, -0.005944360978901386, -0.01698731631040573, -0.015919610857963562, -0.014911888167262077, -0.00045062575372867286, -0.008355695754289627, -0.009381413459777832, 0.0009244950488209724, -0.057536132633686066, 0.012032682076096535, 0.018762826919555664, -0.023477526381611824, 0.04805874824523926, -0.009483384899795055, -0.021917955949902534, 0.025600939989089966, -0.025408992543816566, -0.021006207913160324, 0.006736142560839653, 0.012860453687608242, -0.011240900494158268, 0.016567431390285492, 0.01037713885307312, 0.02641671523451805, 0.0402848906815052, 0.021306125447154045, -0.01174476183950901, 0.016255518421530724, 0.008211735635995865, -0.0057824053801596165, -0.02094622328877449, 0.007551917340606451, 0.014396030455827713, 0.016051573678851128, -0.012704496271908283, 0.04390789195895195, -0.003572015091776848, 0.008679606951773167, 0.002393339993432164, -0.04990623891353607, -0.005761411506682634, -0.04033287987112999, 0.009603352285921574, 0.0171072818338871, -0.01242857240140438, 0.006454220041632652, -0.029631828889250755, 0.0076298960484564304, 0.0182469692081213, -0.020634310320019722, 0.013748208992183208, 0.018079014495015144, 0.009459391236305237, -0.023213598877191544, -0.028264205902814865, -0.013184363953769207, 0.0032960909884423018, 0.022913681343197823, 0.0034100597258657217, -0.005194567609578371, -0.0003428429481573403, 0.011864728294312954, -0.001508584013208747, 0.0003216612967662513, -0.03980502486228943, -0.004075875971466303, 0.04438776150345802, 0.010761032812297344, 0.013544265180826187, 0.044195812195539474, 0.013076393865048885, -0.0030081705190241337, -0.030351631343364716, 0.022565778344869614, -0.04906646907329559, -0.023549506440758705, 0.012404579669237137, 0.025840874761343002, -0.017731111496686935, 0.0005829642759636045, 0.01593160629272461, -0.023501519113779068, -0.02383742667734623, 0.03920518979430199, 0.009405406191945076, -0.06022339314222336, 0.0034310538321733475, -0.008181744255125523, -0.010239176452159882, -0.007180020213127136, 0.003332081250846386, -0.012908440083265305, -0.027880312874913216, 0.01262051984667778, -0.0037039786111563444, 0.02079026773571968, 0.04604330286383629, 0.01893077977001667, 0.0004873656143900007, -0.02725648321211338, 0.019830532371997833, -0.02182198315858841, -0.032750967890024185, -0.0004974878393113613, -0.026560675352811813, 0.024929126724600792, -0.0475308932363987, 0.05796801671385765, 0.0065861837938427925, -0.05225758999586105, 0.010167196393013, 0.06022339314222336, 0.047386933118104935, 0.012074670754373074, -0.02129412814974785, -0.021606042981147766, -0.023969391360878944, 0.013304331339895725, 0.021162165328860283, 0.022373830899596214, 0.03315885737538338, -0.03121539205312729, 0.04227634146809578, -0.00037977026659063995, 0.005347525235265493, -0.02672863006591797, -0.017503174021840096, 0.020202429965138435, 0.009813293814659119, -0.004993623122572899, 0.023369556292891502, 0.029319915920495987, 0.015031854622066021, -0.008487659506499767, -0.026368727907538414, 0.018390929326415062, 0.05144181475043297, 0.019362660124897957, -0.018882792443037033, 0.035870108753442764, -0.05177772045135498, 0.011972698383033276, 0.02432929165661335, 0.0323190875351429, 0.03219912201166153, -0.017743106931447983, -9.831663919612765e-05, -0.0006515703280456364, -0.0006077074212953448, 0.0020034476183354855, -0.007821843028068542, 0.037765584886074066, 0.04649917781352997, 0.01991450786590576, -0.02345353178679943, -0.031911201775074005, -0.054225046187639236, -0.0368778295814991, 0.01992650516331196, 0.01991450786590576, -0.00395291019231081, 0.018990762531757355, -0.001390866469591856, -0.001144184498116374, 0.022493796423077583, 0.01721525378525257, -0.025648927316069603, 0.012548539787530899, 0.027040543034672737, 0.03450248762965202, 0.035486213862895966, 0.03980502486228943, -0.01653144136071205, 0.010503103956580162, -0.009153475984930992, -0.027880312874913216, -0.011660784482955933, 0.003386066295206547, -0.04431578144431114, -0.017647134140133858, -0.0361100435256958, -0.00993925891816616, -0.014683950692415237, -0.003652992658317089, -0.026920577511191368, 0.0014186088228598237, 0.004336804151535034, 0.005731419660151005, -0.02003447525203228, 0.015115831978619099, 0.002327358117327094, 0.023273581638932228, 0.037165749818086624, -0.0005465992726385593, 0.026248762384057045, 0.021078187972307205, 0.0376456193625927, 0.018450912088155746, 0.023177608847618103, 0.0012581531191244721, -0.05868781730532646, 0.003164127469062805, 0.004174848552793264, -0.033278822898864746, 0.011936708353459835, -0.04340403154492378, 0.017467183992266655, 0.005203565116971731, -0.015379759483039379, -0.03551020845770836, -0.036469943821430206, -0.018870797008275986, 0.047578878700733185, -0.02972780168056488, -0.008457668125629425, 0.008385688066482544, -0.027664370834827423, 0.017323223873972893, -0.00986727885901928, -0.00022568776330444962, -0.0195786003023386, 0.022001933306455612, 0.02215789072215557, -0.025648927316069603, -0.02101820334792137, 0.013340321369469166, -0.029895756393671036, 0.02862410619854927, -0.0008075273362919688, 0.007779854815453291, 0.0016000587493181229, 0.037381693720817566, 0.03637396916747093, -0.00493363942950964, 0.0045977323316037655, -0.012692499905824661, 0.014228076674044132, 0.015259792096912861, -0.009477386251091957, -0.013748208992183208, -0.012224629521369934, 0.010845009237527847, -0.01854688487946987, 0.02999172918498516, -0.03985301032662392, 0.03200717270374298, 0.022217873483896255, -0.06641368567943573, -0.046667132526636124, 0.009387411177158356, 0.0013488780241459608, 0.016603421419858932, -0.021078187972307205, -0.01389216911047697, -0.016639411449432373, 0.004063879605382681, 0.02360948920249939, 0.018198981881141663, 0.019518617540597916, 0.023369556292891502, 0.027568398043513298, -0.0024188330862671137, 0.004963631276041269, 0.020814260467886925, 0.002642271341755986, -0.011678779497742653, 0.014468010514974594, -0.035030338913202286, 0.02133011817932129, 0.027208497747778893, 0.004774683155119419, 0.005320532713085413, 0.001642047194764018, 0.013280337676405907, 0.0123565923422575, 0.0034310538321733475, -0.008199739269912243, -0.0021384102292358875, 0.0047956774942576885, -0.011690775863826275, 0.02064630761742592, 0.019434640184044838, 0.03675786405801773, 0.00383894145488739, -0.012536543421447277, -0.016327498480677605, 0.03433453291654587, -0.025792887434363365, -0.02003447525203228, 0.02087424322962761, -0.033926643431186676, 0.007557915989309549, -0.01638748124241829, -0.018294954672455788, 0.0059683541767299175, 0.037309713661670685, -0.010629069060087204, 0.02250579372048378, 0.007971801795065403, -0.015079841949045658, -0.020214425399899483, -0.03608604893088341, -0.00514058256521821, 0.02783232554793358, 0.025552954524755478, -0.02201392874121666, 0.009729317389428616, -0.022181883454322815, -0.04393188655376434, 0.033206842839717865, 0.05547270178794861, 0.003485039109364152, 0.02079026773571968, 0.0028717080131173134, 0.013976146467030048, -0.023621486499905586, -0.033086877316236496, 0.01161279808729887, -0.006028337869793177, -0.019938502460718155, -0.026248762384057045, 0.03654192388057709, 0.0638703852891922, -0.019782545045018196, -0.011228903196752071, 0.00094099051784724, -0.00855364091694355, -0.012608523480594158, -0.001357875531539321, 0.018918782472610474, 0.013088391162455082, 0.008811569772660732, 0.015547712333500385, 0.05417706072330475, -0.012284612283110619, -0.0260328222066164, 0.013652235269546509, -0.0029091977048665285, 0.010005241259932518, -0.002997673349454999, -0.008229730650782585, 0.003155129961669445, 0.012236625887453556, -0.001985452603548765, -0.007557915989309549, -0.0043547991663217545, 0.021809985861182213, -0.036062054336071014, 0.014671954326331615, 0.0021384102292358875, 0.010167196393013, -0.00891354214400053, 0.011798746883869171, 0.028456153348088264, 0.0035420232452452183, -0.012146650813519955, 0.0068861013278365135, 0.001141935121268034, -0.015463735908269882, 0.01565568335354328, -0.024053366854786873, 0.007341975346207619, -0.02848014608025551, -0.02064630761742592, -0.00501761632040143, -0.025217046961188316, 0.017851077020168304, 0.04957032948732376, 0.006724145729094744, -0.025552954524755478, 0.01619553379714489, 0.050050199031829834, -0.014731938019394875, 0.016411473974585533, -0.023465529084205627, -0.028384173288941383, -0.017239246517419815, -0.016675401479005814, -0.009345423430204391, 0.03315885737538338, -0.016279511153697968, 0.020658303052186966, 0.03335080295801163, 0.022253863513469696, -0.007311983499675989, 0.03682984411716461, 0.02322559617459774, -0.02699255757033825, 0.08464866131544113, 0.04074076563119888, 0.0172992292791605, -0.03440651297569275, -0.01851089484989643, -0.028024272993206978, -0.03563017398118973, -0.01726323924958706, -0.007797849830240011, 0.048370663076639175, -0.04825069382786751, 0.01645946130156517, 0.005830392241477966, -0.01275248359888792, 0.034574467688798904, 0.029943743720650673, -0.00640623364597559, 0.0023618487175554037, -0.0014710943214595318, 0.005392513237893581, 0.0009424901218153536, -0.014575980603694916, -0.021354110911488533, 0.027472425252199173, 0.012704496271908283, -0.02049035020172596, -0.02524103969335556, -0.010311156511306763, -0.01661541871726513, 0.018762826919555664, -0.011768754571676254, 0.0033500762656331062, -0.016795368865132332, 0.010731040500104427, -0.0016720389248803258, 0.007551917340606451, 0.003299090312793851, -0.006604178808629513, 0.0018564880592748523, -0.010623070411384106, -0.0226137638092041, -0.05120187997817993, -0.02900800108909607, 0.005449497140944004, 0.008289714343845844, -0.03253502771258354, 0.019434640184044838, 0.01699931174516678, 0.030399616807699203, -0.03215113282203674, 0.012632516212761402, -0.005752413999289274, 0.019374657422304153, 0.0309754591435194, 0.019242694601416588, -0.026200775057077408, -0.03623000904917717, 0.0025507966056466103, 0.005200565792620182, 0.005743416026234627, 0.00016748506459407508, 0.004804675001651049, -0.0011539318365976214, 0.015955600887537003, -0.011786749586462975, -0.05124986916780472, 0.02091023325920105, -0.03577413409948349, -0.005455495789647102, -0.031911201775074005, -0.04952234402298927, 0.013748208992183208, 0.018654856830835342, -0.016603421419858932, 0.01372421532869339, 0.015943603590130806, -0.006436225026845932, 0.03445449844002724, -0.01153481937944889, -0.012500553391873837, -0.01672338880598545, -0.014276063069701195, -0.027928298339247704, 0.002168402075767517, -0.017995037138462067, 0.0014785922830924392, -0.018115004524588585, -0.008943533524870872, -0.0051075913943350315, 0.011756758205592632, 0.030759518966078758, -0.02303364872932434, 0.030879484489560127, -0.0011674280976876616, 0.01573966071009636, 0.005239555146545172, -0.018870797008275986, -0.025097079575061798, 0.030015723779797554, 0.030855491757392883, -0.04825069382786751, -0.01882280968129635, -0.02543298713862896, -0.005383515264838934, 0.015307778492569923, -0.0176831241697073, 0.005626448430120945, 0.03471842780709267, -0.015643686056137085, 0.0025402994360774755, 0.0018684847746044397, 0.004204840399324894, 0.02524103969335556, -0.0034220563247799873, -0.0019419644959270954, 0.023933399468660355, -0.015139825642108917, 0.0178630743175745, 0.002058932324871421, -0.023729456588625908, 0.02543298713862896, 0.03287093713879585, -0.04385990649461746, -0.011774753220379353, -0.029487868770956993, -0.028264205902814865, 0.0062802680768072605, -0.02231384627521038, 0.02778433822095394, 0.01954261027276516, 0.013172367587685585, 0.018558882176876068, -0.030663544312119484, -0.003955909051001072, 0.014264066703617573, 0.030207669362425804, 0.028024272993206978, -0.0011411852901801467, -0.014444016851484776, -0.01155881304293871, -0.01945863477885723, -0.02163003571331501, -0.026104802265763283, 0.01144484430551529, 0.06598180532455444, -0.02322559617459774, -0.004096870310604572, 0.014731938019394875, 0.00391392083838582, -0.0015490727964788675, 0.02192995324730873, -0.03620601445436478, 0.03826944902539253, 0.008979523554444313, -0.007401959039270878, -0.02173800580203533, 0.029751796275377274, 0.013556261546909809, 0.0019134723115712404, -0.027280477806925774, 0.011978697031736374, 0.00756391417235136, -0.016435468569397926, -0.003101144917309284, 0.01717926189303398, -0.023285578936338425, -0.025145066902041435, -0.02064630761742592, 0.030543576925992966, -0.031575292348861694, -0.009411404840648174, -0.002006446709856391, 0.004345801658928394, -0.014743934385478497, -0.006133308634161949, 0.0068980976939201355, 0.04280419647693634, -0.009915266185998917, 0.002906198613345623, -0.0049726287834346294, 0.000627951871138066, -0.03949311003088951, 0.0067061507143080235, 0.011414851993322372, -0.006418230012059212, 0.0012828962644562125, 0.01635149121284485, 0.03505433350801468, 0.0102631701156497, -0.04227634146809578, 0.0023483524564653635, 0.01600358635187149, -0.012194637209177017, 0.04421980679035187, -0.02208591066300869, 0.004351799841970205, -0.006694153882563114, 0.0025298024993389845, 0.01707129180431366, 0.011990693397819996, 0.03159928694367409, 0.008181744255125523, -0.030159683898091316, 0.002460821531713009, 0.048298683017492294, 0.0061393072828650475, 0.02368146926164627, 0.019626587629318237, -0.004528751131147146, -0.03143133223056793, -0.012218630872666836, -0.021054193377494812, 0.02478516474366188, 0.006286266725510359, 0.01389216911047697, -0.016027580946683884, 0.019818535074591637, 0.032031167298555374, 0.02672863006591797, 0.03740568459033966, 0.021905958652496338, 0.002756240079179406, -0.004159852862358093, -0.010173195041716099, -0.0012866451870650053, -0.0023633483797311783, 0.03500634804368019, 0.049858253449201584, -0.027592390775680542, 0.025672920048236847, -0.029967736452817917, -0.008253724314272404, 0.0260328222066164, 0.005992347840219736, 0.006682157516479492, -0.01242857240140438, 0.009147477336227894, -0.021462081000208855, -0.0024068362545222044, -0.00632825493812561, 0.029031993821263313, -0.01100696437060833, 0.008295712061226368, -0.0049726287834346294, -0.0026227766647934914, -0.039133209735155106, -0.03102344460785389, -0.0038029514253139496, -0.02068229764699936, 0.014539990574121475, -0.024461254477500916, -0.0467631034553051, -0.032031167298555374, -0.03171925246715546, -0.007449945900589228, 0.0037579636555165052, 0.012098663486540318, -0.003083149902522564, -0.01123490184545517, 0.010065224952995777, -0.008091768249869347, 0.012800469994544983, -0.00021444086451083422, -0.027616385370492935, 0.00790582038462162, -0.04054882004857063, -0.009195464663207531, 0.022853698581457138, 0.030039716511964798, 0.02466519922018051, -0.029319915920495987, 0.0124525660648942, -0.0010737038683146238, 0.01661541871726513, -0.016543438658118248, -0.0027607388328760862, 0.013052401132881641, -0.032031167298555374, 0.015427745878696442, -0.012908440083265305, 0.028216218575835228, -0.027856318280100822, 0.004276820458471775, 0.04678709805011749, -0.003973904065787792, 0.04515554755926132, -0.0014943379210308194, 0.010527096688747406, -0.005320532713085413, 0.025193052366375923, 0.019206704571843147, 0.002234383951872587, 0.014420024119317532, -0.01759914681315422, 0.0007700376445427537, -0.039900995790958405, 0.018942777067422867, -0.012116658501327038, -0.006085321772843599, 0.022361833602190018, -0.030471596866846085, -0.0124525660648942, 0.011090941727161407, -0.04222835600376129, -0.02699255757033825, -0.032439056783914566, 0.01623152382671833, 0.0195786003023386, -0.028408166021108627, -0.01271649356931448, 0.019626587629318237]"
